{ "$schema": "http://adaptivecards.io/schemas/adaptive-card.json", "type": "AdaptiveCard", "version": "1.2", "body": [ { "type": "ColumnSet", "columns": [ { "type": "Column", "width": "stretch", "items": [ { "type": "TextBlock", "text": "Invoice approval", "weight": "Bolder", "size": "Large" }, { "type": "TextBlock", "text": "Please review and approve the invoice", "isSubtle": true, "wrap": true }, { "type": "TextBlock", "isSubtle": true, "text": "Issued for", "weight": "Bolder" } ] }, { "type": "Column", "width": "150px", "items": [ { "type": "Image", "url": "https://i.imgur.com/7aTcYQl.jpg", "width": "160px", "spacing": "None", "horizontalAlignment": "Right", "size": "Medium" } ] } ] }, { "type": "ColumnSet", "columns": [ { "type": "Column", "width": 2, "items": [ { "type": "FactSet", "facts": [ { "title": "Company name", "value": "#BILL TO#" }, { "title": "Contact", "value": "#CONTACT#" }, { "title": "Issue date", "value": "#DATE#" } ], "separator": true }, { "type": "TextBlock", "text": "Total amount is: #TOTAL#", "size": "Large", "weight": "Bolder" } ] } ] } ], "actions": [ { "type": "Action.ShowCard", "title": "Reject", "card": { "type": "AdaptiveCard", "body": [ { "type": "Input.Text", "id": "ac_comment_reject", "isMultiline": true, "placeholder": "Please enter a comment (required)" } ], "actions": [ { "type": "Action.Submit", "id": "ac_reject", "title": "Confirm" } ], "$schema": "http://adaptivecards.io/schemas/adaptive-card.json" }, "id": "ac_reject1" }, { "type": "Action.ShowCard", "title": "Approve", "card": { "type": "AdaptiveCard", "body": [ { "type": "Input.Text", "id": "ac_comment_approve", "isMultiline": true, "placeholder": "Please enter a comment (optional)" } ], "actions": [ { "type": "Action.Submit", "id": "ac_approve", "title": "Confirm" } ], "$schema": "http://adaptivecards.io/schemas/adaptive-card.json" }, "id": "ac_approve1" } ] }